<?xml version="1.0" encoding="UTF-8"?>
<metadata xml:lang="es"><Esri><CreaDate>20250612</CreaDate><CreaTime>14363000</CreaTime><ArcGISFormat>1.0</ArcGISFormat><SyncOnce>TRUE</SyncOnce><DataProperties><lineage><Process ToolSource="c:\program files (x86)\arcgis\desktop10.8\ArcToolbox\Toolboxes\Data Management Tools.tbx\CalculateField" Date="20250612" Time="135735">CalculateField Base_Aves_Marismas_v01 Municipio "Acaponeta" VB #</Process><Process ToolSource="c:\program files (x86)\arcgis\desktop10.8\ArcToolbox\Toolboxes\Data Management Tools.tbx\CalculateField" Date="20250612" Time="135802">CalculateField Base_Aves_Marismas_v01 Municipio "Tecuala" VB #</Process><Process ToolSource="c:\program files (x86)\arcgis\desktop10.8\ArcToolbox\Toolboxes\Data Management Tools.tbx\CalculateField" Date="20250612" Time="140338">CalculateField Base_Aves_Marismas_v01 Municipio "Rosamorada" VB #</Process><Process ToolSource="c:\program files (x86)\arcgis\desktop10.8\ArcToolbox\Toolboxes\Data Management Tools.tbx\CalculateField" Date="20250612" Time="140404">CalculateField Base_Aves_Marismas_v01 Municipio "Tuxpan" VB #</Process><Process ToolSource="c:\program files (x86)\arcgis\desktop10.8\ArcToolbox\Toolboxes\Data Management Tools.tbx\CalculateField" Date="20250612" Time="141356">CalculateField Base_Aves_Marismas_v01 Municipio "Santiago Ixcuintla" VB #</Process><Process ToolSource="c:\program files (x86)\arcgis\desktop10.8\ArcToolbox\Toolboxes\Data Management Tools.tbx\CalculateField" Date="20250612" Time="141423">CalculateField Base_Aves_Marismas_v01 Municipio "San Blas" VB #</Process><Process ToolSource="c:\program files (x86)\arcgis\desktop10.8\ArcToolbox\Toolboxes\Data Management Tools.tbx\CalculateField" Date="20250612" Time="141944">CalculateField Base_Aves_Marismas_v01 Municipio "" VB #</Process><Process ToolSource="c:\program files (x86)\arcgis\desktop10.8\ArcToolbox\Toolboxes\Data Management Tools.tbx\CalculateField" Date="20250612" Time="142024">CalculateField Base_Aves_Marismas_v01 Municipio "San Blas" VB #</Process><Process ToolSource="c:\program files (x86)\arcgis\desktop10.8\ArcToolbox\Toolboxes\Data Management Tools.tbx\CalculateField" Date="20250612" Time="142214">CalculateField Base_Aves_Marismas_v01 Municipio "Santiago Ixcuintla" VB #</Process><Process ToolSource="c:\program files (x86)\arcgis\desktop10.8\ArcToolbox\Toolboxes\Data Management Tools.tbx\CalculateField" Date="20250612" Time="142238">CalculateField Base_Aves_Marismas_v01 Municipio "Tuxpan" VB #</Process><Process ToolSource="c:\program files (x86)\arcgis\desktop10.8\ArcToolbox\Toolboxes\Data Management Tools.tbx\CalculateField" Date="20250612" Time="142257">CalculateField Base_Aves_Marismas_v01 Municipio "Rosamorada" VB #</Process><Process ToolSource="c:\program files (x86)\arcgis\desktop10.8\ArcToolbox\Toolboxes\Data Management Tools.tbx\CalculateField" Date="20250612" Time="142319">CalculateField Base_Aves_Marismas_v01 Municipio "Tecuala" VB #</Process><Process ToolSource="c:\program files (x86)\arcgis\desktop10.8\ArcToolbox\Toolboxes\Data Management Tools.tbx\CalculateField" Date="20250612" Time="142345">CalculateField Base_Aves_Marismas_v01 Municipio "Acaponeta" VB #</Process><Process ToolSource="c:\program files (x86)\arcgis\desktop10.8\ArcToolbox\Toolboxes\Data Management Tools.tbx\CalculateField" Date="20250612" Time="142441">CalculateField Base_Aves_Marismas_v01 tipo "Otros" VB #</Process></lineage></DataProperties></Esri></metadata>
